{"creationTime":1586783799543,"lastModificationTime":1586783834711,"state":"TERMINATED","solveConfig":{"containerId":"BaseScenario MI","solveParameters":{}},"jobDetails":{"id":"eac3efd1-d3cf-44af-81a7-246c77a523d3","createdAt":1586783808694,"startedAt":1586783810789,"endedAt":1586783833196,"submittedAt":1586783808694,"details":{"PROGRESS_GAP":"8.902577477261416e-05","MODEL_DETAIL_NONZEROS":"25755","MODEL_DETAIL_TYPE":"MIQP","KPI._time":"16.82591986656189","MODEL_DETAIL_CONTINUOUS_VARS":"0","KPI.productionCost":"23039918.0","MODEL_DETAIL_CONSTRAINTS":"9177","PROGRESS_CURRENT_OBJECTIVE":"-220176050.50000006","MODEL_DETAIL_INTEGER_VARS":"16356","MODEL_DETAIL_KPIS":"[\"deviation\", \"productionCost\", \"marginalProfit\"]","KPI.deviation":"2964157.5","PROGRESS_CURRENT_OBJECTIVE.history":"[[1586783819.6, -218467769.00000003], [1586783822.92, -220114215.5000001], [1586783826.88, -220133855.0], [1586783830.85, -220172158.5]]","KPI.marginalProfit":"246180126","MODEL_DETAIL_BOOLEAN_VARS":"0","PROGRESS_BEST_OBJECTIVE":"-220195651.8434822"},"executionStatus":"PROCESSED","solveStatus":"OPTIMAL_SOLUTION","logTail":["[2020-04-13T13:16:53Z, ERROR] /opt/ibm/wlp/usr/shared/resources/workers/docplex_v129/lib/docloudcontroller.py:73: FutureWarning: sortlevel is deprecated, use sort_index(level= ...)","[2020-04-13T13:16:53Z, ERROR] /opt/ibm/wlp/usr/shared/resources/workers/docplex_v129/lib/docloudcontroller.py:79: FutureWarning: sortlevel is deprecated, use sort_index(level= ...)","[2020-04-13T13:16:53Z, ERROR] /opt/ibm/wlp/usr/shared/resources/workers/docplex_v129/lib/docloudcontroller.py:85: FutureWarning: sortlevel is deprecated, use sort_index(level= ...)","[2020-04-13T13:16:53Z, ERROR] /opt/ibm/wlp/usr/shared/resources/workers/docplex_v129/lib/docloudcontroller.py:91: FutureWarning: sortlevel is deprecated, use sort_index(level= ...)","[2020-04-13T13:17:11Z, INFO] demandAllocationResults.csv","[2020-04-13T13:17:11Z, INFO] productionResults.csv","[2020-04-13T13:17:11Z, INFO] kpiResults.csv"]},"runtimeDetails":{"state":"STARTED"},"taskSetupMillis":8888,"taskSolveMillis":25349,"taskTearDownMillis":1,"jobId":"eac3efd1-d3cf-44af-81a7-246c77a523d3","transactionId":"968e8f81-8668-4e09-8948-448d987a7edb","ping":1586783829858,"taskUserId":"nerav.doshi@us.ibm.com"}