NAME,VALUE
Shortage percentage for Wayne County,0.33799999999999997
Shortage percentage for Oakland County,0.33857142857142863
Shortage percentage for Macomb County,0.33000000000000007
Shortage percentage for Genesee County,0.3379310344827587
Shortage percentage for Washtenaw County,0.3384615384615385
Shortage percentage for Kent County,0.34099999999999997
Shortage percentage for Saginaw County,0.33749999999999997
Shortage percentage for Ingham County,0.3371428571428572
Shortage percentage for Livingston County,0.33866666666666667
Shortage percentage for St. Clair County,0.33777777777777773
Shortage percentage for Monroe County,0.33499999999999996
Shortage percentage for Jackson County,0.3368421052631579
Shortage percentage for Berrien County,0.33875
Shortage percentage for Lapeer County,0.3384615384615385
Shortage percentage for Clinton County,0.337890625
Shortage percentage for Kalamazoo County,0.33818181818181814
Shortage percentage for Hillsdale County,0.3366666666666666
Shortage percentage for Eaton County,0.338
Shortage percentage for Calhoun County,0.3388888888888889
Shortage percentage for Ottawa County,0.33875
Shortage percentage for Muskegon County,0.33840304182509506
Shortage percentage for Shiawassee County,0.33710407239819007
Shortage percentage for Bay County,0.33870967741935487
Shortage percentage for Lenawee County,0.33333333333333337
Shortage percentage for Tuscola County,0.33799999999999997
Total Allocation Ratio,0.6624786771783574
Total Shortage Ratio,0.029656126411587783
