CITY,FCST_DEMAND_1_WK,CURR_INV
Wayne County,500,200
Oakland County,700,50
Macomb County,100,45
Genesee County,290,90
Washtenaw County,455,250
Kent County,1000,100
Saginaw County,400,150
Ingham County,350,0
Livingston County,375,25
St. Clair County,675,350
Monroe County,200,25
Jackson County,475,125
Berrien County,800,300
Lapeer County,650,225
Clinton County,512,280
Kalamazoo County,550,280
Hillsdale County,300,75
Eaton County,1000,325
Calhoun County,900,445
Ottawa County,800,275
Muskegon County,789,430
Shiawassee County,442,67
Bay County,372,30
Lenawee County,120,50
Tuscola County,500,80
