name,value
Wayne County,131.0
Oakland County,413.0
Macomb County,22.0
Genesee County,102.0
Washtenaw County,51.0
Kent County,559.0
Saginaw County,115.0
Ingham County,232.0
Livingston County,223.0
St. Clair County,97.0
Monroe County,108.0
Jackson County,190.0
Berrien County,229.0
Lapeer County,205.0
Clinton County,59.0
Kalamazoo County,84.0
Hillsdale County,124.0
Eaton County,337.0
Calhoun County,150.0
Ottawa County,254.0
Muskegon County,92.0
Shiawassee County,226.0
Bay County,216.0
Lenawee County,30.0
Tuscola County,251.0
