{"creationTime":1586784923650,"lastModificationTime":1586784934242,"state":"TERMINATED","solveConfig":{"containerId":"Shipment_MICounty","solveParameters":{}},"jobDetails":{"id":"b322b392-1746-4283-823d-c9e62e86638d","createdAt":1586784929619,"startedAt":1586784930131,"endedAt":1586784932603,"submittedAt":1586784929619,"details":{"KPI.Total Shortage Ratio":"0.029656126411587783","PROGRESS_GAP":"9.988822537506326e-05","KPI.Shortage percentage for Clinton County":"0.337890625","KPI.Shortage percentage for Livingston County":"0.33866666666666667","MODEL_DETAIL_NONZEROS":"169","KPI.Shortage percentage for Muskegon County":"0.33840304182509506","KPI.Shortage percentage for Oakland County":"0.33857142857142863","MODEL_DETAIL_TYPE":"MILP","KPI._time":"0.007419109344482422","KPI.Shortage percentage for Ingham County":"0.3371428571428572","KPI.Shortage percentage for Monroe County":"0.33499999999999996","KPI.Shortage percentage for Tuscola County":"0.33799999999999997","KPI.Shortage percentage for Jackson County":"0.3368421052631579","KPI.Shortage percentage for Saginaw County":"0.33749999999999997","MODEL_DETAIL_CONTINUOUS_VARS":"24","KPI.Shortage percentage for Wayne County":"0.33799999999999997","MODEL_DETAIL_CONSTRAINTS":"49","KPI.Shortage percentage for Macomb County":"0.33000000000000007","KPI.Shortage percentage for Kalamazoo County":"0.33818181818181814","KPI.Shortage percentage for Hillsdale County":"0.3366666666666666","KPI.Total Allocation Ratio":"0.6624786771783574","PROGRESS_CURRENT_OBJECTIVE":"-16.532310803047345","MODEL_DETAIL_INTEGER_VARS":"25","KPI.Shortage percentage for Berrien County":"0.33875","KPI.Shortage percentage for Bay County":"0.33870967741935487","KPI.Shortage percentage for St. Clair County":"0.33777777777777773","KPI.Shortage percentage for Genesee County":"0.3379310344827587","KPI.Shortage percentage for Calhoun County":"0.3388888888888889","KPI.Shortage percentage for Kent County":"0.34099999999999997","KPI.Shortage percentage for Eaton County":"0.338","KPI.Shortage percentage for Ottawa County":"0.33875","KPI.Shortage percentage for Shiawassee County":"0.33710407239819007","MODEL_DETAIL_KPIS":"[\"Shortage percentage for Wayne County\", \"Shortage percentage for Oakland County\", \"Shortage percentage for Macomb County\", \"Shortage percentage for Genesee County\", \"Shortage percentage for Washtenaw County\", \"Shortage percentage for Kent County\", \"Shortage percentage for Saginaw County\", \"Shortage percentage for Ingham County\", \"Shortage percentage for Livingston County\", \"Shortage percentage for St. Clair County\", \"Shortage percentage for Monroe County\", \"Shortage percentage for Jackson County\", \"Shortage percentage for Berrien County\", \"Shortage percentage for Lapeer County\", \"Shortage percentage for Clinton County\", \"Shortage percentage for Kalamazoo County\", \"Shortage percentage for Hillsdale County\", \"Shortage percentage for Eaton County\", \"Shortage percentage for Calhoun County\", \"Shortage percentage for Ottawa County\", \"Shortage percentage for Muskegon County\", \"Shortage percentage for Shiawassee County\", \"Shortage percentage for Bay County\", \"Shortage percentage for Lenawee County\", \"Shortage percentage for Tuscola County\", \"Total Allocation Ratio\", \"Total Shortage Ratio\"]","PROGRESS_CURRENT_OBJECTIVE.history":"[[1586784931.4, -11.250000000000002]]","KPI.Shortage percentage for Lenawee County":"0.33333333333333337","MODEL_DETAIL_BOOLEAN_VARS":"0","PROGRESS_BEST_OBJECTIVE":"-16.53396218623482","KPI.Shortage percentage for Lapeer County":"0.3384615384615385","KPI.Shortage percentage for Washtenaw County":"0.3384615384615385"},"executionStatus":"PROCESSED","solveStatus":"OPTIMAL_SOLUTION","logTail":["[2020-04-13T13:35:31Z, INFO]   \"DV_Wayne County_Ingham County\"=0.001","[2020-04-13T13:35:31Z, INFO]   \"DV_Wayne County_Livingston County\"=0.001","[2020-04-13T13:35:31Z, INFO]   \"DV_Wayne County_St. Clair County\"=0.000","[2020-04-13T13:35:31Z, INFO]   \"DV_Wayne County_Monroe County\"=0.003","[2020-04-13T13:35:31Z, INFO]   \"DV_Wayne County_Jackson County\"=0.001","[2020-04-13T13:35:31Z, INFO]   \"DV_Wayne County_Berrien County\"=0.001","[2020-04-13T13:35:31Z, INFO]   \"DV_Wayne County_Lapeer County\"=0.000","[2020-04-13T13:35:31Z, INFO]   \"DV_Wayne County_Clinton County\"=0.000","[2020-04-13T13:35:31Z, INFO]   \"DV_Wayne County_Kalamazoo County\"=0.000","[2020-04-13T13:35:31Z, INFO]   \"DV_Wayne County_Hillsdale County\"=0.001","[2020-04-13T13:35:31Z, INFO]   \"DV_Wayne County_Calhoun County\"=0.001","[2020-04-13T13:35:31Z, INFO]   \"DV_Wayne County_Ottawa County\"=0.001","[2020-04-13T13:35:31Z, INFO]   \"DV_Wayne County_Muskegon County\"=0.000","[2020-04-13T13:35:31Z, INFO]   \"DV_Wayne County_Shiawassee County\"=0.001","[2020-04-13T13:35:31Z, INFO]   \"DV_Wayne County_Bay County\"=0.001","[2020-04-13T13:35:31Z, INFO]   \"DV_Wayne County_Lenawee County\"=0.005","[2020-04-13T13:35:31Z, INFO] * model prs4b solved with objective = -16.532","[2020-04-13T13:35:31Z, INFO] *  KPI: Shortage percentage for Wayne County      = 0.338","[2020-04-13T13:35:31Z, INFO] *  KPI: Shortage percentage for Oakland County    = 0.339","[2020-04-13T13:35:31Z, INFO] *  KPI: Shortage percentage for Macomb County     = 0.330","[2020-04-13T13:35:31Z, INFO] *  KPI: Shortage percentage for Genesee County    = 0.338","[2020-04-13T13:35:31Z, INFO] *  KPI: Shortage percentage for Washtenaw County  = 0.338","[2020-04-13T13:35:31Z, INFO] *  KPI: Shortage percentage for Kent County       = 0.341","[2020-04-13T13:35:31Z, INFO] *  KPI: Shortage percentage for Saginaw County    = 0.337","[2020-04-13T13:35:31Z, INFO] *  KPI: Shortage percentage for Ingham County     = 0.337","[2020-04-13T13:35:31Z, INFO] *  KPI: Shortage percentage for Livingston County = 0.339","[2020-04-13T13:35:31Z, INFO] *  KPI: Shortage percentage for St. Clair County  = 0.338","[2020-04-13T13:35:31Z, INFO] *  KPI: Shortage percentage for Monroe County     = 0.335","[2020-04-13T13:35:31Z, INFO] *  KPI: Shortage percentage for Jackson County    = 0.337","[2020-04-13T13:35:31Z, INFO] *  KPI: Shortage percentage for Berrien County    = 0.339","[2020-04-13T13:35:31Z, INFO] *  KPI: Shortage percentage for Lapeer County     = 0.338","[2020-04-13T13:35:31Z, INFO] *  KPI: Shortage percentage for Clinton County    = 0.338","[2020-04-13T13:35:31Z, INFO] *  KPI: Shortage percentage for Kalamazoo County  = 0.338","[2020-04-13T13:35:31Z, INFO] *  KPI: Shortage percentage for Hillsdale County  = 0.337","[2020-04-13T13:35:31Z, INFO] *  KPI: Shortage percentage for Eaton County      = 0.338","[2020-04-13T13:35:31Z, INFO] *  KPI: Shortage percentage for Calhoun County    = 0.339","[2020-04-13T13:35:31Z, INFO] *  KPI: Shortage percentage for Ottawa County     = 0.339","[2020-04-13T13:35:31Z, INFO] *  KPI: Shortage percentage for Muskegon County   = 0.338","[2020-04-13T13:35:31Z, INFO] *  KPI: Shortage percentage for Shiawassee County = 0.337","[2020-04-13T13:35:31Z, INFO] *  KPI: Shortage percentage for Bay County        = 0.339","[2020-04-13T13:35:31Z, INFO] *  KPI: Shortage percentage for Lenawee County    = 0.333","[2020-04-13T13:35:31Z, INFO] *  KPI: Shortage percentage for Tuscola County    = 0.338","[2020-04-13T13:35:31Z, INFO] *  KPI: Total Allocation Ratio                    = 0.662","[2020-04-13T13:35:31Z, INFO] *  KPI: Total Shortage Ratio                      = 0.030","[2020-04-13T13:35:31Z, INFO] solution.csv"]},"runtimeDetails":{"state":"STARTED"},"taskSetupMillis":5608,"taskSolveMillis":3783,"taskTearDownMillis":2,"jobId":"b322b392-1746-4283-823d-c9e62e86638d","transactionId":"184be44d-79b7-4fcd-ae52-63b878a28b7e","ping":1586784924195,"taskUserId":"nerav.doshi@us.ibm.com"}