{"categories":{"output":{"assets":{"productionResults.csv":{"type":"Table"},"demandAllocationResults.csv":{"type":"Table"},"kpis.csv":{"type":"Table"},"kpiResults.csv":{"type":"Table"},"log.txt":{"type":"Asset"}}},"input":{"assets":{"marginal_profits.csv":{"type":"Table"},"plant_product_capacities.csv":{"type":"Table"},"demands.csv":{"type":"Table"},"sales.csv":{"type":"Table"},"markets.csv":{"type":"Table"},"months.csv":{"type":"Table"},"plant_product_costs.csv":{"type":"Table"},"parameters.csv":{"type":"Table"},"plant_month_capacities.csv":{"type":"Table"},"initial_inventories.csv":{"type":"Table"},"plants.csv":{"type":"Table"},"products.csv":{"type":"Table"}}},"model":{"assets":{"model.py":{"type":"Asset"}}}},"modelType":"python","category":"scenario"}