{"creationTime":1586958376988,"lastModificationTime":1586958431348,"state":"TERMINATED","solveConfig":{"containerId":"BaseScenario MI","solveParameters":{}},"jobDetails":{"id":"02cc9d44-2a22-4c77-a112-eb8d1d822b7f","createdAt":1586958380789,"startedAt":1586958406948,"endedAt":1586958430281,"submittedAt":1586958380789,"details":{"PROGRESS_GAP":"8.902577477261416e-05","MODEL_DETAIL_NONZEROS":"25755","MODEL_DETAIL_TYPE":"MIQP","KPI._time":"17.328099966049194","MODEL_DETAIL_CONTINUOUS_VARS":"0","KPI.productionCost":"23039918.0","MODEL_DETAIL_CONSTRAINTS":"9177","PROGRESS_CURRENT_OBJECTIVE":"-220176050.50000006","MODEL_DETAIL_INTEGER_VARS":"16356","MODEL_DETAIL_KPIS":"[\"deviation\", \"productionCost\", \"marginalProfit\"]","KPI.deviation":"2964157.5","PROGRESS_CURRENT_OBJECTIVE.history":"[[1586958415.69, -218467769.00000003], [1586958419.11, -220114215.5000001], [1586958423.1, -220133855.0], [1586958427.18, -220172158.5]]","KPI.marginalProfit":"246180126","MODEL_DETAIL_BOOLEAN_VARS":"0","PROGRESS_BEST_OBJECTIVE":"-220195651.8434822"},"executionStatus":"PROCESSED","solveStatus":"OPTIMAL_SOLUTION","logTail":["[2020-04-15T13:46:49Z, ERROR] /opt/ibm/wlp/usr/shared/resources/workers/docplex_v129/lib/docloudcontroller.py:73: FutureWarning: sortlevel is deprecated, use sort_index(level= ...)","[2020-04-15T13:46:49Z, ERROR] /opt/ibm/wlp/usr/shared/resources/workers/docplex_v129/lib/docloudcontroller.py:79: FutureWarning: sortlevel is deprecated, use sort_index(level= ...)","[2020-04-15T13:46:49Z, ERROR] /opt/ibm/wlp/usr/shared/resources/workers/docplex_v129/lib/docloudcontroller.py:85: FutureWarning: sortlevel is deprecated, use sort_index(level= ...)","[2020-04-15T13:46:49Z, ERROR] /opt/ibm/wlp/usr/shared/resources/workers/docplex_v129/lib/docloudcontroller.py:91: FutureWarning: sortlevel is deprecated, use sort_index(level= ...)","[2020-04-15T13:47:08Z, INFO] demandAllocationResults.csv","[2020-04-15T13:47:08Z, INFO] productionResults.csv","[2020-04-15T13:47:08Z, INFO] kpiResults.csv"]},"runtimeDetails":{"state":"STARTED"},"taskSetupMillis":3339,"taskSolveMillis":46904,"taskTearDownMillis":1,"jobId":"02cc9d44-2a22-4c77-a112-eb8d1d822b7f","transactionId":"237ba36a-3fc5-4bc0-a86a-c7353420c5c1","ping":1586958407592,"taskUserId":"nerav.doshi@us.ibm.com"}