RESOURCE,CITY,FCST_DEMAND_1_WK,CURR_INV
TestingKits,Wayne County,500,200
TestingKits,Oakland County,700,50
TestingKits,Macomb County,100,45
TestingKits,Genesee County,290,90
TestingKits,Washtenaw County,455,250
TestingKits,Kent County,1000,100
TestingKits,Saginaw County,400,150
TestingKits,Ingham County,350,0
TestingKits,Livingston County,375,25
TestingKits,St. Clair County,675,350
TestingKits,Monroe County,200,25
TestingKits,Jackson County,475,125
TestingKits,Berrien County,800,300
TestingKits,Lapeer County,650,225
TestingKits,Clinton County,512,280
TestingKits,Kalamazoo County,550,280
TestingKits,Hillsdale County,300,75
TestingKits,Eaton County,1000,325
TestingKits,Calhoun County,900,445
TestingKits,Ottawa County,800,275
TestingKits,Muskegon County,789,430
TestingKits,Shiawassee County,442,67
TestingKits,Bay County,372,30
TestingKits,Lenawee County,120,50
TestingKits,Tuscola County,500,80
