{"goalObjectives":[{"weight":5.0,"weightedValue":400.0,"value":25.0,"verbalization":"Maximize the number of Resource to City assignments","scaledWeight":16.0},{"weight":5.0,"weightedValue":72000.0,"value":4500.0,"verbalization":"Maximize total Resource to City allocations","scaledWeight":16.0}],"decisions_sorted_columns":{"Resource to City allocation":["Resource","City CITY","Resource to City allocation decision","Resource maxValueAllocation","Resource minValueAllocationForAssignment"],"Resource to City assignment":["Resource","City CITY","Resource maxValueAllocation","Resource minValueAllocationForAssignment"]},"decisions_schema":{"Resource to City allocation":[{"domainConcepts":"cResource","semantic":"cResourceAllocation[Resource, City],Resource","level":1,"isKPI":false,"concept":"Resource","isKey":true,"isDecision":false,"id":"Resource","type":"STRING"},{"domainConcepts":"","semantic":"cResourceAllocation[Resource, City],City,CityDemand","level":1,"isKPI":false,"concept":"CityDemand","isKey":true,"isDecision":false,"id":"City CITY","type":"STRING"},{"domainConcepts":"cResourceAllocation","semantic":null,"level":10,"isKPI":false,"concept":"cResourceAllocation[Resource, City]","isKey":false,"isDecision":true,"id":"Resource to City allocation decision","type":"NUMBER"},{"domainConcepts":"cResource","semantic":"cResourceAllocation[Resource, City],Resource","level":2,"isKPI":false,"concept":"Resource","isKey":false,"isDecision":false,"id":"Resource maxValueAllocation","type":"NUMBER"},{"domainConcepts":"cResource","semantic":"cResourceAllocation[Resource, City],Resource","level":2,"isKPI":false,"concept":"Resource","isKey":false,"isDecision":false,"id":"Resource minValueAllocationForAssignment","type":"NUMBER"}],"Resource to City assignment":[{"domainConcepts":"cResource","semantic":"cResourceAssignment[Resource, City],Resource","level":1,"isKPI":false,"concept":"Resource","isKey":true,"isDecision":false,"id":"Resource","type":"STRING"},{"domainConcepts":"","semantic":"cResourceAssignment[Resource, City],City,CityDemand","level":1,"isKPI":false,"concept":"CityDemand","isKey":true,"isDecision":false,"id":"City CITY","type":"STRING"},{"domainConcepts":"cResource","semantic":"cResourceAssignment[Resource, City],Resource","level":2,"isKPI":false,"concept":"Resource","isKey":false,"isDecision":false,"id":"Resource maxValueAllocation","type":"NUMBER"},{"domainConcepts":"cResource","semantic":"cResourceAssignment[Resource, City],Resource","level":2,"isKPI":false,"concept":"Resource","isKey":false,"isDecision":false,"id":"Resource minValueAllocationForAssignment","type":"NUMBER"}]},"decisions":{"Resource to City allocation":[{"City CITY":"Bay County","Resource minValueAllocationForAssignment":0.10000000149011612,"Resource maxValueAllocation":100000000,"Resource":"TestingKits","Resource to City allocation decision":0.1},{"City CITY":"Berrien County","Resource minValueAllocationForAssignment":0.10000000149011612,"Resource maxValueAllocation":100000000,"Resource":"TestingKits","Resource to City allocation decision":0.1},{"City CITY":"Calhoun County","Resource minValueAllocationForAssignment":0.10000000149011612,"Resource maxValueAllocation":100000000,"Resource":"TestingKits","Resource to City allocation decision":0.1},{"City CITY":"Clinton County","Resource minValueAllocationForAssignment":0.10000000149011612,"Resource maxValueAllocation":100000000,"Resource":"TestingKits","Resource to City allocation decision":0.1},{"City CITY":"Eaton County","Resource minValueAllocationForAssignment":0.10000000149011612,"Resource maxValueAllocation":100000000,"Resource":"TestingKits","Resource to City allocation decision":0.1},{"City CITY":"Genesee County","Resource minValueAllocationForAssignment":0.10000000149011612,"Resource maxValueAllocation":100000000,"Resource":"TestingKits","Resource to City allocation decision":0.1},{"City CITY":"Hillsdale County","Resource minValueAllocationForAssignment":0.10000000149011612,"Resource maxValueAllocation":100000000,"Resource":"TestingKits","Resource to City allocation decision":0.1},{"City CITY":"Ingham County","Resource minValueAllocationForAssignment":0.10000000149011612,"Resource maxValueAllocation":100000000,"Resource":"TestingKits","Resource to City allocation decision":0.1},{"City CITY":"Jackson County","Resource minValueAllocationForAssignment":0.10000000149011612,"Resource maxValueAllocation":100000000,"Resource":"TestingKits","Resource to City allocation decision":0.1},{"City CITY":"Kalamazoo County","Resource minValueAllocationForAssignment":0.10000000149011612,"Resource maxValueAllocation":100000000,"Resource":"TestingKits","Resource to City allocation decision":0.1},{"City CITY":"Kent County","Resource minValueAllocationForAssignment":0.10000000149011612,"Resource maxValueAllocation":100000000,"Resource":"TestingKits","Resource to City allocation decision":0.1},{"City CITY":"Lapeer County","Resource minValueAllocationForAssignment":0.10000000149011612,"Resource maxValueAllocation":100000000,"Resource":"TestingKits","Resource to City allocation decision":0.1},{"City CITY":"Lenawee County","Resource minValueAllocationForAssignment":0.10000000149011612,"Resource maxValueAllocation":100000000,"Resource":"TestingKits","Resource to City allocation decision":0.1},{"City CITY":"Livingston County","Resource minValueAllocationForAssignment":0.10000000149011612,"Resource maxValueAllocation":100000000,"Resource":"TestingKits","Resource to City allocation decision":0.1},{"City CITY":"Macomb County","Resource minValueAllocationForAssignment":0.10000000149011612,"Resource maxValueAllocation":100000000,"Resource":"TestingKits","Resource to City allocation decision":0.1},{"City CITY":"Monroe County","Resource minValueAllocationForAssignment":0.10000000149011612,"Resource maxValueAllocation":100000000,"Resource":"TestingKits","Resource to City allocation decision":0.1},{"City CITY":"Muskegon County","Resource minValueAllocationForAssignment":0.10000000149011612,"Resource maxValueAllocation":100000000,"Resource":"TestingKits","Resource to City allocation decision":526.3},{"City CITY":"Oakland County","Resource minValueAllocationForAssignment":0.10000000149011612,"Resource maxValueAllocation":100000000,"Resource":"TestingKits","Resource to City allocation decision":700},{"City CITY":"Ottawa County","Resource minValueAllocationForAssignment":0.10000000149011612,"Resource maxValueAllocation":100000000,"Resource":"TestingKits","Resource to City allocation decision":800},{"City CITY":"Saginaw County","Resource minValueAllocationForAssignment":0.10000000149011612,"Resource maxValueAllocation":100000000,"Resource":"TestingKits","Resource to City allocation decision":400},{"City CITY":"Shiawassee County","Resource minValueAllocationForAssignment":0.10000000149011612,"Resource maxValueAllocation":100000000,"Resource":"TestingKits","Resource to City allocation decision":442},{"City CITY":"St. Clair County","Resource minValueAllocationForAssignment":0.10000000149011612,"Resource maxValueAllocation":100000000,"Resource":"TestingKits","Resource to City allocation decision":675},{"City CITY":"Tuscola County","Resource minValueAllocationForAssignment":0.10000000149011612,"Resource maxValueAllocation":100000000,"Resource":"TestingKits","Resource to City allocation decision":500},{"City CITY":"Washtenaw County","Resource minValueAllocationForAssignment":0.10000000149011612,"Resource maxValueAllocation":100000000,"Resource":"TestingKits","Resource to City allocation decision":455},{"City CITY":"Wayne County","Resource minValueAllocationForAssignment":0.10000000149011612,"Resource maxValueAllocation":100000000,"Resource":"TestingKits","Resource to City allocation decision":0.1}],"Resource to City assignment":[{"City CITY":"Bay County","Resource minValueAllocationForAssignment":0.10000000149011612,"Resource maxValueAllocation":100000000,"Resource":"TestingKits"},{"City CITY":"Berrien County","Resource minValueAllocationForAssignment":0.10000000149011612,"Resource maxValueAllocation":100000000,"Resource":"TestingKits"},{"City CITY":"Calhoun County","Resource minValueAllocationForAssignment":0.10000000149011612,"Resource maxValueAllocation":100000000,"Resource":"TestingKits"},{"City CITY":"Clinton County","Resource minValueAllocationForAssignment":0.10000000149011612,"Resource maxValueAllocation":100000000,"Resource":"TestingKits"},{"City CITY":"Eaton County","Resource minValueAllocationForAssignment":0.10000000149011612,"Resource maxValueAllocation":100000000,"Resource":"TestingKits"},{"City CITY":"Genesee County","Resource minValueAllocationForAssignment":0.10000000149011612,"Resource maxValueAllocation":100000000,"Resource":"TestingKits"},{"City CITY":"Hillsdale County","Resource minValueAllocationForAssignment":0.10000000149011612,"Resource maxValueAllocation":100000000,"Resource":"TestingKits"},{"City CITY":"Ingham County","Resource minValueAllocationForAssignment":0.10000000149011612,"Resource maxValueAllocation":100000000,"Resource":"TestingKits"},{"City CITY":"Jackson County","Resource minValueAllocationForAssignment":0.10000000149011612,"Resource maxValueAllocation":100000000,"Resource":"TestingKits"},{"City CITY":"Kalamazoo County","Resource minValueAllocationForAssignment":0.10000000149011612,"Resource maxValueAllocation":100000000,"Resource":"TestingKits"},{"City CITY":"Kent County","Resource minValueAllocationForAssignment":0.10000000149011612,"Resource maxValueAllocation":100000000,"Resource":"TestingKits"},{"City CITY":"Lapeer County","Resource minValueAllocationForAssignment":0.10000000149011612,"Resource maxValueAllocation":100000000,"Resource":"TestingKits"},{"City CITY":"Lenawee County","Resource minValueAllocationForAssignment":0.10000000149011612,"Resource maxValueAllocation":100000000,"Resource":"TestingKits"},{"City CITY":"Livingston County","Resource minValueAllocationForAssignment":0.10000000149011612,"Resource maxValueAllocation":100000000,"Resource":"TestingKits"},{"City CITY":"Macomb County","Resource minValueAllocationForAssignment":0.10000000149011612,"Resource maxValueAllocation":100000000,"Resource":"TestingKits"},{"City CITY":"Monroe County","Resource minValueAllocationForAssignment":0.10000000149011612,"Resource maxValueAllocation":100000000,"Resource":"TestingKits"},{"City CITY":"Muskegon County","Resource minValueAllocationForAssignment":0.10000000149011612,"Resource maxValueAllocation":100000000,"Resource":"TestingKits"},{"City CITY":"Oakland County","Resource minValueAllocationForAssignment":0.10000000149011612,"Resource maxValueAllocation":100000000,"Resource":"TestingKits"},{"City CITY":"Ottawa County","Resource minValueAllocationForAssignment":0.10000000149011612,"Resource maxValueAllocation":100000000,"Resource":"TestingKits"},{"City CITY":"Saginaw County","Resource minValueAllocationForAssignment":0.10000000149011612,"Resource maxValueAllocation":100000000,"Resource":"TestingKits"},{"City CITY":"Shiawassee County","Resource minValueAllocationForAssignment":0.10000000149011612,"Resource maxValueAllocation":100000000,"Resource":"TestingKits"},{"City CITY":"St. Clair County","Resource minValueAllocationForAssignment":0.10000000149011612,"Resource maxValueAllocation":100000000,"Resource":"TestingKits"},{"City CITY":"Tuscola County","Resource minValueAllocationForAssignment":0.10000000149011612,"Resource maxValueAllocation":100000000,"Resource":"TestingKits"},{"City CITY":"Washtenaw County","Resource minValueAllocationForAssignment":0.10000000149011612,"Resource maxValueAllocation":100000000,"Resource":"TestingKits"},{"City CITY":"Wayne County","Resource minValueAllocationForAssignment":0.10000000149011612,"Resource maxValueAllocation":100000000,"Resource":"TestingKits"}]}}