id_of_Resource,id_of_CityDemand,Resource maxValueAllocation,Resource minValueAllocationForAssignment
TestingKits,Bay County,100000000,0.10000000149011612
TestingKits,Berrien County,100000000,0.10000000149011612
TestingKits,Calhoun County,100000000,0.10000000149011612
TestingKits,Clinton County,100000000,0.10000000149011612
TestingKits,Eaton County,100000000,0.10000000149011612
TestingKits,Genesee County,100000000,0.10000000149011612
TestingKits,Hillsdale County,100000000,0.10000000149011612
TestingKits,Ingham County,100000000,0.10000000149011612
TestingKits,Jackson County,100000000,0.10000000149011612
TestingKits,Kalamazoo County,100000000,0.10000000149011612
TestingKits,Kent County,100000000,0.10000000149011612
TestingKits,Lapeer County,100000000,0.10000000149011612
TestingKits,Lenawee County,100000000,0.10000000149011612
TestingKits,Livingston County,100000000,0.10000000149011612
TestingKits,Macomb County,100000000,0.10000000149011612
TestingKits,Monroe County,100000000,0.10000000149011612
TestingKits,Muskegon County,100000000,0.10000000149011612
TestingKits,Oakland County,100000000,0.10000000149011612
TestingKits,Ottawa County,100000000,0.10000000149011612
TestingKits,Saginaw County,100000000,0.10000000149011612
TestingKits,Shiawassee County,100000000,0.10000000149011612
TestingKits,St. Clair County,100000000,0.10000000149011612
TestingKits,Tuscola County,100000000,0.10000000149011612
TestingKits,Washtenaw County,100000000,0.10000000149011612
TestingKits,Wayne County,100000000,0.10000000149011612
