{"categories":{"output":{"assets":{"list_of_ResourceAssignment_solution.csv":{"type":"Table"},"kpis.csv":{"type":"Table"},"log.txt":{"type":"Asset"},"list_of_ResourceAllocation_solution.csv":{"type":"Table"}}},"input":{"assets":{"CityDemand.csv":{"type":"Table"},"Resource.csv":{"type":"Table"},"City.csv":{"type":"Table"},"Parameters.csv":{"type":"Table"}}},"model":{"assets":{"model.py":{"type":"Asset"}}},"CO_ASSET_SESSION":{"assets":{"CO_SESSION.json":{"type":"Asset"}}},"CO_ASSET":{"assets":{"CO_SOLUTION_TEXT.json":{"type":"Asset"},"solveParameters.json":{"type":"Asset"},"CO_DATASET.json":{"type":"Asset"},"CO_SOLUTION_JSON.json":{"type":"Asset"}}}},"modelType":"cognitive","category":"scenario"}